lc_num,lc_url
1,https://leetcode.com/problems/two-sum/submissions/
146,https://leetcode.com/problems/lru-cache/
42,https://leetcode.com/problems/trapping-rain-water/
91,https://leetcode.com/problems/decode-ways/submissions/
200,https://leetcode.com/problems/number-of-islands/submissions/
829,https://leetcode.com/problems/consecutive-numbers-sum/submissions/
2,https://leetcode.com/problems/add-two-numbers/submissions/
56,https://leetcode.com/problems/merge-intervals/submissions/
121,https://leetcode.com/problems/best-time-to-buy-and-sell-stock/
68,https://leetcode.com/problems/text-justification/
238,https://leetcode.com/problems/product-of-array-except-self/submissions/
953,https://leetcode.com/problems/verifying-an-alien-dictionary/submissions/
3,https://leetcode.com/problems/longest-substring-without-repeating-characters/submissions/
206,https://leetcode.com/problems/reverse-linked-list/submissions/
1335,https://leetcode.com/problems/minimum-difficulty-of-a-job-schedule/submissions/
253,https://leetcode.com/problems/meeting-rooms-ii/
1396,https://leetcode.com/problems/design-underground-system/
273,https://leetcode.com/problems/integer-to-english-words/
221,https://leetcode.com/problems/maximal-square/
380,https://leetcode.com/problems/insert-delete-getrandom-o1/
4,https://leetcode.com/problems/median-of-two-sorted-arrays/
1041,https://leetcode.com/problems/robot-bounded-in-circle/
973,https://leetcode.com/problems/k-closest-points-to-origin/
1192,https://leetcode.com/problems/critical-connections-in-a-network/
53,https://leetcode.com/problems/maximum-subarray/
139,https://leetcode.com/problems/word-break/
15,https://leetcode.com/problems/3sum/
415,https://leetcode.com/problems/add-strings/
5,https://leetcode.com/problems/longest-palindromic-substring/
127,https://leetcode.com/problems/word-ladder/
1249,https://leetcode.com/problems/minimum-remove-to-make-valid-parentheses/
21,https://leetcode.com/problems/merge-two-sorted-lists/
295,https://leetcode.com/problems/find-median-from-data-stream/
239,https://leetcode.com/problems/sliding-window-maximum/
394,https://leetcode.com/problems/decode-string/
312,https://leetcode.com/problems/burst-balloons/
981,https://leetcode.com/problems/time-based-key-value-store/
224,https://leetcode.com/problems/basic-calculator/
588,https://leetcode.com/problems/design-in-memory-file-system/
224,https://leetcode.com/problems/basic-calculator/
981,https://leetcode.com/problems/time-based-key-value-store/
460,https://leetcode.com/problems/lfu-cache/
